date,venue_id,revenue,staff_hours,weather_score,local_event,promotion,opening_hours,week_of_year
2023-01-01,V1,21361.14,41.6,1.0,0,0,80,52
2023-01-08,V1,21838.37,44.5,0.0,0,1,83,1
2023-01-15,V1,24928.63,45.2,1.0,0,1,87,2
2023-01-22,V1,19483.45,38.4,0.5,0,0,86,3
2023-01-29,V1,21886.53,36.6,1.0,0,0,89,4
2023-02-05,V1,23378.33,46.6,0.5,0,0,80,5
2023-02-12,V1,26206.78,49.2,1.0,0,0,85,6
2023-02-19,V1,23200.07,40.6,0.5,0,0,74,7
2023-02-26,V1,19903.7,40.8,0.0,0,0,81,8
2023-03-05,V1,32455.4,66.5,1.0,1,0,89,9
2023-03-12,V1,22007.63,36.1,0.5,0,0,89,10
2023-03-19,V1,23495.83,50.6,0.0,0,1,87,11
2023-03-26,V1,21064.0,45.2,0.0,0,0,68,12
2023-04-02,V1,27741.74,62.0,0.0,0,1,62,13
2023-04-09,V1,28150.67,61.8,1.0,1,0,68,14
2023-04-16,V1,19465.48,42.1,0.0,0,0,62,15
2023-04-23,V1,30790.5,69.3,0.5,1,0,62,16
2023-04-30,V1,25302.08,45.8,1.0,0,0,74,17
2023-05-07,V1,28655.68,57.4,0.0,0,1,88,18
2023-05-14,V1,22511.86,48.1,0.0,0,0,63,19
2023-05-21,V1,30832.14,63.3,0.5,0,1,89,20
2023-05-28,V1,30030.76,58.3,1.0,1,0,70,21
2023-06-04,V1,37986.81,74.5,0.5,0,1,86,22
2023-06-11,V1,35514.88,70.3,1.0,0,0,68,23
2023-06-18,V1,24707.82,56.4,0.0,0,0,83,24
2023-06-25,V1,34641.81,71.6,1.0,0,1,61,25
2023-07-02,V1,37824.57,77.2,1.0,1,0,87,26
2023-07-09,V1,36459.08,76.7,0.0,1,0,82,27
2023-07-16,V1,26626.93,54.3,0.0,0,0,79,28
2023-07-23,V1,34928.47,74.2,1.0,0,0,86,29
2023-07-30,V1,27870.64,51.2,0.0,0,0,66,30
2023-08-06,V1,32163.98,67.7,0.5,0,1,87,31
2023-08-13,V1,29251.06,65.0,0.5,0,0,75,32
2023-08-20,V1,31027.68,62.8,0.5,0,0,71,33
2023-08-27,V1,28044.47,62.2,0.0,0,0,75,34
2023-09-03,V1,23717.99,53.3,0.0,1,0,79,35
2023-09-10,V1,35319.81,73.0,1.0,0,1,73,36
2023-09-17,V1,21392.87,42.7,0.5,0,0,60,37
2023-09-24,V1,25154.96,65.6,0.5,0,0,60,38
2023-10-01,V1,25623.1,50.0,0.5,0,0,65,39
2023-10-08,V1,25568.42,53.1,0.5,0,0,87,40
2023-10-15,V1,19092.96,37.0,0.0,0,0,76,41
2023-10-22,V1,33225.11,66.1,1.0,1,0,88,42
2023-10-29,V1,29234.39,54.4,1.0,0,1,80,43
2023-11-05,V1,21374.93,51.6,0.5,0,0,81,44
2023-11-12,V1,22042.95,39.0,0.0,1,0,61,45
2023-11-19,V1,21727.74,38.8,0.5,0,1,81,46
2023-11-26,V1,29562.38,61.6,1.0,1,1,72,47
2023-12-03,V1,17184.1,26.9,0.0,0,0,78,48
2023-12-10,V1,19156.4,39.0,0.0,0,0,84,49
2023-12-17,V1,19026.84,32.7,0.0,0,0,70,50
2023-12-24,V1,21087.29,44.4,1.0,0,0,63,51
2023-12-31,V1,20373.86,43.0,0.5,0,0,75,52
2024-01-07,V1,18953.18,42.1,0.5,0,0,87,1
2024-01-14,V1,17111.82,32.6,0.0,0,0,71,2
2024-01-21,V1,19339.99,49.9,0.0,0,0,75,3
2024-01-28,V1,19159.61,31.9,0.5,0,0,62,4
2024-02-04,V1,25035.48,47.1,1.0,0,0,64,5
2024-02-11,V1,18969.66,32.8,1.0,0,0,85,6
2024-02-18,V1,22273.23,48.3,0.0,0,0,69,7
2024-02-25,V1,23552.5,47.4,0.5,0,0,75,8
2024-03-03,V1,26350.97,53.7,0.5,0,1,77,9
2024-03-10,V1,31423.45,59.7,1.0,0,1,60,10
2024-03-17,V1,20063.97,36.0,0.0,0,0,85,11
2024-03-24,V1,24633.59,52.2,0.5,0,0,70,12
2024-03-31,V1,29442.7,67.3,1.0,0,0,68,13
2024-04-07,V1,25980.3,57.3,1.0,0,0,83,14
2024-04-14,V1,24595.84,49.3,0.0,0,0,62,15
2024-04-21,V1,29629.32,58.6,0.5,0,1,71,16
2024-04-28,V1,20508.09,38.8,0.5,0,0,75,17
2024-05-05,V1,23284.12,47.8,0.5,0,0,82,18
2024-05-12,V1,41412.55,82.1,1.0,1,1,85,19
2024-05-19,V1,24112.76,48.6,0.5,0,0,69,20
2024-05-26,V1,26756.03,57.9,1.0,0,0,68,21
2024-06-02,V1,34179.68,67.4,0.0,1,0,75,22
2024-06-09,V1,29442.85,66.3,0.5,0,0,78,23
2024-06-16,V1,32890.36,58.3,0.5,0,1,62,24
2024-06-23,V1,30659.24,67.0,0.5,0,0,68,25
2024-06-30,V1,25990.26,54.3,0.0,0,0,84,26
2024-07-07,V1,37593.96,74.7,1.0,1,0,88,27
2024-07-14,V1,36951.43,76.4,1.0,0,1,78,28
2024-07-21,V1,26666.21,61.0,0.5,0,0,80,29
2024-07-28,V1,45689.79,96.3,1.0,1,1,75,30
2024-08-04,V1,25620.01,48.4,0.5,0,0,85,31
2024-08-11,V1,27454.65,64.3,0.0,0,0,86,32
2024-08-18,V1,34135.32,71.5,0.5,0,1,88,33
2024-08-25,V1,34270.95,67.1,0.5,0,1,89,34
2024-09-01,V1,29218.62,65.6,1.0,0,1,80,35
2024-09-08,V1,22343.77,41.7,1.0,0,0,68,36
2024-09-15,V1,26735.21,53.7,0.0,0,1,64,37
2024-09-22,V1,28914.17,54.6,1.0,0,1,76,38
2024-09-29,V1,24159.29,56.0,0.0,0,0,60,39
2024-10-06,V1,26383.04,52.3,0.5,0,0,61,40
2024-10-13,V1,35195.14,75.2,0.5,1,1,89,41
2024-10-20,V1,24318.17,51.3,0.0,0,0,80,42
2024-10-27,V1,27580.27,62.4,1.0,1,0,77,43
2024-11-03,V1,26110.94,51.7,0.5,0,1,65,44
2024-11-10,V1,16349.97,32.4,0.0,0,0,88,45
2024-11-17,V1,25152.78,43.4,0.5,0,1,72,46
2024-11-24,V1,18556.44,39.6,0.5,0,0,75,47
2024-12-01,V1,24567.62,50.9,0.5,0,1,88,48
2024-12-08,V1,22520.9,39.9,0.0,0,1,69,49
2024-12-15,V1,17982.66,34.6,0.0,0,0,72,50
2024-12-22,V1,21735.16,40.4,0.5,0,0,70,51
2024-12-29,V1,25903.53,50.3,1.0,0,0,83,52
2023-01-01,V2,22594.11,40.2,0.5,0,0,86,52
2023-01-08,V2,21980.65,48.5,1.0,0,0,72,1
2023-01-15,V2,20059.14,34.7,0.5,0,0,87,2
2023-01-22,V2,26150.17,45.8,0.0,0,1,63,3
2023-01-29,V2,20407.86,48.7,0.5,0,0,74,4
2023-02-05,V2,20529.04,44.0,0.0,0,0,85,5
2023-02-12,V2,29488.61,56.5,0.5,1,0,80,6
2023-02-19,V2,24626.94,50.0,0.0,0,0,82,7
2023-02-26,V2,28954.13,58.9,0.0,0,1,65,8
2023-03-05,V2,23075.14,49.3,0.5,0,0,71,9
2023-03-12,V2,27982.57,47.7,1.0,0,0,73,10
2023-03-19,V2,21764.76,32.8,0.0,0,0,60,11
2023-03-26,V2,23687.79,51.2,0.5,0,0,67,12
2023-04-02,V2,27451.34,57.2,0.5,0,0,83,13
2023-04-09,V2,28604.83,54.2,0.0,0,1,77,14
2023-04-16,V2,27856.3,58.2,1.0,0,0,67,15
2023-04-23,V2,27780.01,60.7,1.0,0,0,64,16
2023-04-30,V2,29861.54,69.3,0.5,1,0,84,17
2023-05-07,V2,31994.07,72.4,1.0,0,1,60,18
2023-05-14,V2,22692.79,52.5,0.0,0,1,73,19
2023-05-21,V2,25900.37,58.0,0.5,0,0,79,20
2023-05-28,V2,31842.02,68.7,0.5,0,1,65,21
2023-06-04,V2,33171.16,68.0,1.0,0,0,61,22
2023-06-11,V2,42307.35,79.9,0.5,0,1,63,23
2023-06-18,V2,32166.22,69.2,0.5,0,0,63,24
2023-06-25,V2,32687.33,67.2,0.5,0,0,70,25
2023-07-02,V2,33619.4,67.0,1.0,0,0,82,26
2023-07-09,V2,29708.71,54.7,0.0,0,0,84,27
2023-07-16,V2,37977.0,78.2,0.5,1,0,64,28
2023-07-23,V2,27048.22,51.7,0.0,0,0,81,29
2023-07-30,V2,27903.84,61.3,0.0,0,0,60,30
2023-08-06,V2,31335.69,59.5,0.5,0,0,68,31
2023-08-13,V2,29314.3,61.8,0.5,0,0,85,32
2023-08-20,V2,30990.4,54.3,0.5,0,0,70,33
2023-08-27,V2,31889.12,69.4,0.0,0,0,88,34
2023-09-03,V2,27366.36,46.6,0.0,0,0,79,35
2023-09-10,V2,25179.42,51.1,1.0,0,0,66,36
2023-09-17,V2,40119.91,74.7,1.0,1,0,89,37
2023-09-24,V2,20307.78,54.6,0.0,0,0,61,38
2023-10-01,V2,22084.03,40.3,0.5,0,0,67,39
2023-10-08,V2,27319.53,43.8,0.5,0,0,87,40
2023-10-15,V2,23332.88,46.0,0.0,0,0,67,41
2023-10-22,V2,25464.64,53.0,0.0,0,0,61,42
2023-10-29,V2,33462.82,65.4,1.0,0,1,73,43
2023-11-05,V2,21830.01,48.5,0.0,0,0,78,44
2023-11-12,V2,22032.93,43.6,1.0,0,0,61,45
2023-11-19,V2,19454.77,36.2,1.0,0,0,68,46
2023-11-26,V2,23144.11,46.5,1.0,0,0,69,47
2023-12-03,V2,21674.19,34.8,0.5,0,0,76,48
2023-12-10,V2,19385.75,37.7,0.5,0,0,70,49
2023-12-17,V2,19679.02,42.1,1.0,0,0,65,50
2023-12-24,V2,19632.3,34.7,0.5,0,0,82,51
2023-12-31,V2,19296.54,32.2,1.0,0,0,80,52
2024-01-07,V2,20772.54,47.6,0.5,0,0,70,1
2024-01-14,V2,26396.99,51.3,1.0,0,0,81,2
2024-01-21,V2,20398.87,41.5,1.0,0,0,63,3
2024-01-28,V2,37064.53,70.6,1.0,1,1,70,4
2024-02-04,V2,24572.31,57.2,0.0,0,0,84,5
2024-02-11,V2,22720.59,50.1,0.5,0,0,71,6
2024-02-18,V2,25319.29,60.4,0.5,0,0,86,7
2024-02-25,V2,29568.59,63.8,0.0,0,1,80,8
2024-03-03,V2,38612.37,78.3,0.5,1,1,71,9
2024-03-10,V2,29765.17,56.6,0.0,1,0,73,10
2024-03-17,V2,25241.04,50.1,0.0,0,0,88,11
2024-03-24,V2,23908.99,54.9,1.0,0,0,76,12
2024-03-31,V2,34232.92,64.0,0.5,1,0,70,13
2024-04-07,V2,25428.26,55.0,0.0,0,0,88,14
2024-04-14,V2,32883.2,66.0,0.5,1,0,61,15
2024-04-21,V2,38586.11,73.9,1.0,0,1,89,16
2024-04-28,V2,26368.27,53.6,0.0,0,0,66,17
2024-05-05,V2,21290.33,38.7,0.0,0,0,77,18
2024-05-12,V2,28370.16,52.3,0.0,1,0,68,19
2024-05-19,V2,27411.7,50.7,0.0,0,1,64,20
2024-05-26,V2,31565.71,59.8,1.0,0,1,72,21
2024-06-02,V2,30317.09,58.0,1.0,0,0,73,22
2024-06-09,V2,28925.14,63.8,0.0,0,0,65,23
2024-06-16,V2,26950.16,48.0,0.0,0,0,76,24
2024-06-23,V2,30144.65,56.8,1.0,0,0,62,25
2024-06-30,V2,24498.42,44.6,0.5,0,0,61,26
2024-07-07,V2,28415.31,58.5,0.0,0,0,61,27
2024-07-14,V2,29300.98,59.1,0.5,0,0,83,28
2024-07-21,V2,25857.08,47.4,0.5,0,1,87,29
2024-07-28,V2,39000.43,78.7,0.5,0,1,61,30
2024-08-04,V2,42554.94,87.6,1.0,1,0,87,31
2024-08-11,V2,30329.02,59.9,0.5,0,0,65,32
2024-08-18,V2,38750.68,73.3,1.0,1,0,69,33
2024-08-25,V2,29874.85,64.1,1.0,0,0,73,34
2024-09-01,V2,20631.55,45.0,0.0,0,0,68,35
2024-09-08,V2,27248.23,53.3,0.5,0,0,65,36
2024-09-15,V2,25235.74,52.5,0.5,0,0,81,37
2024-09-22,V2,22716.65,54.7,0.0,0,0,81,38
2024-09-29,V2,27643.6,57.2,0.0,1,0,73,39
2024-10-06,V2,29043.24,55.8,1.0,0,0,65,40
2024-10-13,V2,20872.28,40.9,0.0,0,0,61,41
2024-10-20,V2,25081.72,53.8,1.0,0,0,61,42
2024-10-27,V2,36531.26,72.6,0.0,1,1,83,43
2024-11-03,V2,18028.08,33.2,0.5,0,0,84,44
2024-11-10,V2,21278.89,41.4,0.5,0,0,62,45
2024-11-17,V2,24533.27,46.7,0.5,0,1,67,46
2024-11-24,V2,20689.27,48.0,0.0,0,0,77,47
2024-12-01,V2,24278.84,41.9,0.0,1,0,62,48
2024-12-08,V2,17539.31,33.5,0.0,0,0,79,49
2024-12-15,V2,18693.73,47.2,0.5,0,0,80,50
2024-12-22,V2,21810.3,31.5,1.0,0,0,89,51
2024-12-29,V2,22743.78,49.7,0.5,0,0,60,52
2023-01-01,V3,22287.32,44.1,0.0,0,1,75,52
2023-01-08,V3,26306.44,52.8,0.5,1,0,60,1
2023-01-15,V3,23776.23,42.7,0.5,0,0,81,2
2023-01-22,V3,26921.07,58.5,1.0,0,0,67,3
2023-01-29,V3,26674.52,55.3,0.0,0,1,68,4
2023-02-05,V3,39965.14,78.9,1.0,0,1,86,5
2023-02-12,V3,30216.11,58.1,0.5,0,0,62,6
2023-02-19,V3,24428.29,46.2,0.5,0,0,78,7
2023-02-26,V3,29636.18,49.3,1.0,0,0,77,8
2023-03-05,V3,26077.38,43.8,0.5,0,0,88,9
2023-03-12,V3,31637.87,67.1,1.0,0,0,79,10
2023-03-19,V3,24924.38,59.9,1.0,0,0,78,11
2023-03-26,V3,37312.38,80.3,1.0,1,0,61,12
2023-04-02,V3,31847.73,70.6,1.0,0,0,62,13
2023-04-09,V3,32265.65,70.9,1.0,0,0,75,14
2023-04-16,V3,23109.97,46.0,0.5,0,0,65,15
2023-04-23,V3,26920.64,55.2,1.0,0,0,84,16
2023-04-30,V3,23867.87,53.5,0.5,0,0,62,17
2023-05-07,V3,36837.73,72.2,1.0,1,0,74,18
2023-05-14,V3,26073.38,58.3,0.5,0,0,71,19
2023-05-21,V3,26446.44,59.0,0.0,0,0,81,20
2023-05-28,V3,32395.24,70.2,0.5,0,1,87,21
2023-06-04,V3,42263.23,84.8,0.5,1,0,68,22
2023-06-11,V3,33801.2,71.5,0.0,0,0,80,23
2023-06-18,V3,32306.89,66.9,0.5,0,0,89,24
2023-06-25,V3,35349.8,60.3,1.0,0,0,77,25
2023-07-02,V3,31178.61,57.1,0.0,0,0,77,26
2023-07-09,V3,33658.44,68.4,1.0,0,0,65,27
2023-07-16,V3,48630.67,98.1,0.5,1,1,69,28
2023-07-23,V3,31235.83,65.8,1.0,0,0,63,29
2023-07-30,V3,29420.16,56.6,0.5,0,0,85,30
2023-08-06,V3,40965.16,84.0,0.5,1,0,84,31
2023-08-13,V3,42818.68,84.9,0.5,1,0,88,32
2023-08-20,V3,43136.67,81.1,1.0,1,0,60,33
2023-08-27,V3,24919.65,55.2,0.0,0,0,66,34
2023-09-03,V3,30123.17,65.3,0.5,0,0,62,35
2023-09-10,V3,23152.19,47.2,0.5,0,0,85,36
2023-09-17,V3,26087.37,54.1,0.5,0,0,73,37
2023-09-24,V3,34274.36,66.4,1.0,1,0,81,38
2023-10-01,V3,27008.78,61.0,0.5,0,0,88,39
2023-10-08,V3,24370.65,49.1,0.5,0,0,76,40
2023-10-15,V3,27191.67,57.0,1.0,0,0,83,41
2023-10-22,V3,27163.94,54.6,1.0,0,0,81,42
2023-10-29,V3,38458.57,79.0,0.5,0,1,81,43
2023-11-05,V3,21801.53,40.1,1.0,0,0,84,44
2023-11-12,V3,26203.43,55.3,1.0,0,0,87,45
2023-11-19,V3,25226.34,46.8,1.0,0,0,64,46
2023-11-26,V3,22151.06,40.6,1.0,0,0,75,47
2023-12-03,V3,20904.11,54.7,0.0,0,0,72,48
2023-12-10,V3,20592.28,31.3,1.0,0,0,62,49
2023-12-17,V3,24796.98,46.9,1.0,0,0,73,50
2023-12-24,V3,24678.94,57.9,0.5,0,0,67,51
2023-12-31,V3,22693.47,41.5,0.5,0,0,66,52
2024-01-07,V3,26539.24,45.3,0.0,0,1,80,1
2024-01-14,V3,23890.08,57.5,0.5,0,0,81,2
2024-01-21,V3,26750.35,57.0,1.0,0,0,71,3
2024-01-28,V3,19814.0,45.8,0.0,0,0,82,4
2024-02-04,V3,31276.3,66.5,0.5,1,0,72,5
2024-02-11,V3,25502.07,52.8,0.5,0,0,67,6
2024-02-18,V3,27820.55,53.6,1.0,0,0,73,7
2024-02-25,V3,22714.39,48.0,0.5,0,0,84,8
2024-03-03,V3,27582.01,52.5,0.5,0,0,82,9
2024-03-10,V3,25691.39,57.2,0.5,0,0,71,10
2024-03-17,V3,35760.64,68.9,1.0,0,1,75,11
2024-03-24,V3,26685.63,53.3,0.5,0,0,62,12
2024-03-31,V3,34282.8,60.6,0.5,0,1,81,13
2024-04-07,V3,23716.13,47.8,0.0,0,1,79,14
2024-04-14,V3,21634.83,43.5,0.0,0,0,61,15
2024-04-21,V3,24895.75,39.9,0.0,0,0,87,16
2024-04-28,V3,26730.09,52.3,0.5,0,0,88,17
2024-05-05,V3,25158.71,50.0,0.5,0,0,61,18
2024-05-12,V3,25678.69,50.1,1.0,0,0,68,19
2024-05-19,V3,23998.85,48.8,0.0,0,0,66,20
2024-05-26,V3,30435.42,58.3,0.5,0,1,66,21
2024-06-02,V3,37946.7,80.8,0.5,0,1,64,22
2024-06-09,V3,28755.76,51.7,0.0,0,0,73,23
2024-06-16,V3,32686.2,67.3,1.0,0,0,80,24
2024-06-23,V3,28897.66,60.4,0.5,0,0,77,25
2024-06-30,V3,25060.88,60.4,0.0,0,0,76,26
2024-07-07,V3,33114.53,69.0,1.0,0,0,63,27
2024-07-14,V3,42853.34,84.7,0.5,0,1,88,28
2024-07-21,V3,40366.76,78.8,1.0,0,1,68,29
2024-07-28,V3,38036.88,82.1,1.0,0,0,87,30
2024-08-04,V3,36943.93,73.2,1.0,0,0,87,31
2024-08-11,V3,34623.56,70.2,0.0,0,1,67,32
2024-08-18,V3,34866.07,58.4,0.0,1,0,80,33
2024-08-25,V3,49418.27,96.7,1.0,1,1,78,34
2024-09-01,V3,25970.99,58.5,0.0,0,0,69,35
2024-09-08,V3,26175.44,51.8,0.5,0,0,89,36
2024-09-15,V3,33771.05,72.2,1.0,1,0,69,37
2024-09-22,V3,29709.79,64.8,1.0,0,0,75,38
2024-09-29,V3,30369.2,56.8,0.0,1,0,82,39
2024-10-06,V3,25595.06,49.5,0.5,0,0,79,40
2024-10-13,V3,26838.71,59.4,0.0,0,1,62,41
2024-10-20,V3,27916.52,63.9,1.0,0,0,80,42
2024-10-27,V3,28148.24,54.5,1.0,0,0,71,43
2024-11-03,V3,24027.94,47.6,1.0,0,0,72,44
2024-11-10,V3,28066.93,51.4,1.0,0,1,78,45
2024-11-17,V3,23655.64,38.5,0.5,0,0,62,46
2024-11-24,V3,26857.3,47.6,0.5,0,1,64,47
2024-12-01,V3,19611.93,36.1,0.0,0,0,60,48
2024-12-08,V3,25604.94,58.4,1.0,0,0,80,49
2024-12-15,V3,23068.64,46.6,0.0,0,0,79,50
2024-12-22,V3,28771.75,59.6,1.0,0,1,84,51
2024-12-29,V3,20692.21,41.4,0.5,0,0,83,52
2023-01-01,V4,19924.42,31.0,0.5,0,0,85,52
2023-01-08,V4,21726.29,37.5,0.5,0,0,63,1
2023-01-15,V4,27242.34,51.0,0.5,0,1,62,2
2023-01-22,V4,25362.35,58.5,0.5,0,0,61,3
2023-01-29,V4,20621.96,39.0,0.0,0,0,78,4
2023-02-05,V4,25701.95,50.4,1.0,0,0,78,5
2023-02-12,V4,28076.0,60.6,0.5,0,0,79,6
2023-02-19,V4,23908.08,49.1,0.0,0,0,79,7
2023-02-26,V4,32632.9,65.5,0.5,0,1,68,8
2023-03-05,V4,24873.22,40.9,0.0,0,0,81,9
2023-03-12,V4,28137.64,49.8,0.0,0,1,73,10
2023-03-19,V4,28363.92,63.9,0.5,0,0,64,11
2023-03-26,V4,39550.89,83.0,0.0,1,1,83,12
2023-04-02,V4,25291.54,51.2,0.0,0,0,79,13
2023-04-09,V4,22718.71,40.7,0.0,0,0,87,14
2023-04-16,V4,32638.54,68.8,1.0,0,1,69,15
2023-04-23,V4,23791.05,52.0,0.0,0,1,77,16
2023-04-30,V4,29030.34,58.8,0.5,0,1,83,17
2023-05-07,V4,30287.12,56.0,1.0,0,0,83,18
2023-05-14,V4,27024.37,48.7,1.0,0,0,85,19
2023-05-21,V4,37330.28,70.6,0.5,1,1,88,20
2023-05-28,V4,27172.15,47.4,1.0,0,0,88,21
2023-06-04,V4,31519.05,58.9,0.5,0,0,61,22
2023-06-11,V4,39023.77,77.3,0.5,1,0,75,23
2023-06-18,V4,33998.94,64.4,1.0,0,0,71,24
2023-06-25,V4,32188.43,60.4,1.0,0,0,76,25
2023-07-02,V4,27215.29,56.7,0.0,0,0,81,26
2023-07-09,V4,35245.28,66.8,0.0,0,1,87,27
2023-07-16,V4,31761.03,52.9,1.0,0,0,65,28
2023-07-23,V4,32016.36,56.8,0.5,0,0,70,29
2023-07-30,V4,31993.66,57.1,0.0,0,0,80,30
2023-08-06,V4,38202.32,79.7,0.0,0,1,87,31
2023-08-13,V4,47697.29,89.0,0.5,1,1,77,32
2023-08-20,V4,30331.02,65.4,0.5,0,0,87,33
2023-08-27,V4,51012.37,109.1,1.0,1,1,68,34
2023-09-03,V4,32747.39,71.4,1.0,1,0,80,35
2023-09-10,V4,32303.95,66.0,1.0,0,1,86,36
2023-09-17,V4,27613.54,58.2,0.0,0,1,89,37
2023-09-24,V4,34693.86,73.0,1.0,0,1,78,38
2023-10-01,V4,24326.92,46.1,0.5,0,0,71,39
2023-10-08,V4,36269.83,71.7,1.0,0,1,80,40
2023-10-15,V4,24849.41,55.9,1.0,0,0,82,41
2023-10-22,V4,34458.48,65.5,1.0,1,0,62,42
2023-10-29,V4,25750.43,49.1,0.0,0,0,79,43
2023-11-05,V4,19911.28,33.8,0.0,0,0,84,44
2023-11-12,V4,22116.86,47.6,0.0,0,0,79,45
2023-11-19,V4,24585.2,42.0,0.5,1,0,86,46
2023-11-26,V4,20011.25,39.6,0.0,0,0,78,47
2023-12-03,V4,30099.48,64.6,1.0,0,1,75,48
2023-12-10,V4,30902.22,59.2,1.0,0,1,68,49
2023-12-17,V4,21675.55,46.0,0.0,0,1,65,50
2023-12-24,V4,25870.42,60.3,1.0,0,0,73,51
2023-12-31,V4,23071.6,50.1,1.0,0,0,88,52
2024-01-07,V4,21155.27,42.5,0.5,0,0,80,1
2024-01-14,V4,23055.28,46.2,1.0,0,0,88,2
2024-01-21,V4,23553.97,50.5,1.0,1,0,67,3
2024-01-28,V4,20700.65,39.1,0.5,0,0,68,4
2024-02-04,V4,27119.94,58.2,0.0,0,1,84,5
2024-02-11,V4,26001.51,43.3,0.5,0,0,72,6
2024-02-18,V4,26605.31,46.6,1.0,0,0,81,7
2024-02-25,V4,21148.75,34.6,0.5,0,0,87,8
2024-03-03,V4,24548.96,45.8,0.5,0,0,75,9
2024-03-10,V4,27070.88,55.6,0.5,0,0,89,10
2024-03-17,V4,23595.52,46.6,0.0,0,0,89,11
2024-03-24,V4,28761.84,53.5,0.0,0,1,76,12
2024-03-31,V4,31566.21,60.2,0.5,0,1,70,13
2024-04-07,V4,30166.6,59.4,1.0,0,0,78,14
2024-04-14,V4,29841.92,61.8,1.0,0,0,72,15
2024-04-21,V4,27768.33,60.0,0.0,0,0,76,16
2024-04-28,V4,24976.54,45.9,0.0,0,0,77,17
2024-05-05,V4,33028.26,65.2,0.5,0,1,78,18
2024-05-12,V4,26558.26,65.9,0.5,0,0,70,19
2024-05-19,V4,23390.92,48.6,0.0,0,0,62,20
2024-05-26,V4,29549.8,63.7,1.0,0,0,67,21
2024-06-02,V4,26755.31,57.2,0.5,0,0,74,22
2024-06-09,V4,33138.78,71.7,1.0,0,0,81,23
2024-06-16,V4,41003.89,80.8,0.0,1,0,89,24
2024-06-23,V4,54145.68,99.5,1.0,1,1,82,25
2024-06-30,V4,35275.06,86.0,0.5,0,0,60,26
2024-07-07,V4,27238.03,52.3,0.0,0,0,60,27
2024-07-14,V4,32522.54,62.6,0.0,0,0,70,28
2024-07-21,V4,28595.68,54.2,0.5,0,0,67,29
2024-07-28,V4,34018.38,70.1,1.0,0,0,72,30
2024-08-04,V4,26922.24,52.0,0.0,0,0,70,31
2024-08-11,V4,29624.09,59.0,0.0,0,0,89,32
2024-08-18,V4,34706.59,71.3,0.5,0,0,65,33
2024-08-25,V4,51364.9,93.7,1.0,1,0,79,34
2024-09-01,V4,22503.57,40.6,0.0,0,0,62,35
2024-09-08,V4,25845.3,49.1,0.0,0,0,71,36
2024-09-15,V4,30827.92,57.1,0.5,0,0,88,37
2024-09-22,V4,30278.5,54.6,0.5,1,0,87,38
2024-09-29,V4,28217.19,53.6,1.0,0,0,67,39
2024-10-06,V4,28586.2,62.9,0.5,1,0,80,40
2024-10-13,V4,27009.97,52.3,0.5,0,0,66,41
2024-10-20,V4,36949.43,77.2,0.0,1,1,76,42
2024-10-27,V4,21746.69,39.3,0.0,0,0,82,43
2024-11-03,V4,20535.59,44.4,0.0,0,0,70,44
2024-11-10,V4,30053.9,63.3,1.0,0,1,87,45
2024-11-17,V4,23982.05,52.8,0.5,0,1,68,46
2024-11-24,V4,24809.02,50.6,0.0,0,0,64,47
2024-12-01,V4,28350.53,59.0,1.0,0,0,88,48
2024-12-08,V4,29025.94,60.6,0.5,0,1,62,49
2024-12-15,V4,19880.01,40.7,0.0,0,0,84,50
2024-12-22,V4,26261.04,54.8,0.0,0,1,68,51
2024-12-29,V4,24203.98,42.8,0.5,0,0,73,52
2023-01-01,V5,16457.78,36.3,0.0,0,0,87,52
2023-01-08,V5,18079.12,32.1,0.0,1,0,61,1
2023-01-15,V5,17936.82,42.1,1.0,0,0,61,2
2023-01-22,V5,17139.19,37.8,0.0,0,1,82,3
2023-01-29,V5,14665.61,30.6,1.0,0,0,60,4
2023-02-05,V5,12904.08,26.7,0.0,0,0,84,5
2023-02-12,V5,19471.04,34.1,0.5,0,0,77,6
2023-02-19,V5,24216.41,45.9,1.0,0,1,63,7
2023-02-26,V5,17771.08,39.6,0.0,0,0,77,8
2023-03-05,V5,16161.68,32.4,0.0,0,0,76,9
2023-03-12,V5,14191.83,26.2,0.0,0,0,77,10
2023-03-19,V5,21824.28,39.6,1.0,1,0,84,11
2023-03-26,V5,19390.23,42.0,1.0,0,0,74,12
2023-04-02,V5,21832.97,53.6,0.5,0,1,76,13
2023-04-09,V5,17683.61,32.3,0.5,0,0,69,14
2023-04-16,V5,19704.87,40.4,1.0,0,0,70,15
2023-04-23,V5,13712.99,27.3,0.0,0,0,71,16
2023-04-30,V5,19117.81,39.9,1.0,0,0,73,17
2023-05-07,V5,17747.8,46.0,0.5,0,0,68,18
2023-05-14,V5,19412.01,36.7,1.0,0,0,72,19
2023-05-21,V5,17704.33,43.6,1.0,0,0,65,20
2023-05-28,V5,24679.64,47.8,1.0,1,0,87,21
2023-06-04,V5,20614.24,35.6,1.0,0,0,74,22
2023-06-11,V5,19013.61,44.0,0.0,0,0,84,23
2023-06-18,V5,23521.52,49.8,1.0,0,0,84,24
2023-06-25,V5,21172.03,40.7,0.5,0,0,74,25
2023-07-02,V5,23032.85,47.0,1.0,0,0,74,26
2023-07-09,V5,19033.99,41.7,0.0,0,0,60,27
2023-07-16,V5,22237.35,44.7,0.5,0,0,80,28
2023-07-23,V5,25704.27,55.4,1.0,1,0,60,29
2023-07-30,V5,24003.76,44.0,0.0,1,0,88,30
2023-08-06,V5,22214.28,44.6,0.5,0,0,85,31
2023-08-13,V5,18358.52,33.6,0.0,0,0,70,32
2023-08-20,V5,18559.46,32.4,0.0,0,0,69,33
2023-08-27,V5,31985.56,66.6,1.0,1,0,87,34
2023-09-03,V5,20082.75,43.3,1.0,0,0,84,35
2023-09-10,V5,14714.99,25.8,0.0,0,0,79,36
2023-09-17,V5,24085.79,46.4,1.0,1,0,73,37
2023-09-24,V5,23148.96,38.5,1.0,0,0,72,38
2023-10-01,V5,25333.92,52.5,1.0,1,0,71,39
2023-10-08,V5,16185.55,32.1,0.0,0,1,62,40
2023-10-15,V5,22734.73,38.7,1.0,0,0,64,41
2023-10-22,V5,22177.99,48.2,0.0,1,0,63,42
2023-10-29,V5,18165.84,30.1,0.5,0,0,75,43
2023-11-05,V5,17379.34,36.8,1.0,0,0,66,44
2023-11-12,V5,16789.66,36.6,0.5,0,1,87,45
2023-11-19,V5,17395.14,30.7,0.5,0,1,86,46
2023-11-26,V5,17524.57,27.2,0.5,0,1,63,47
2023-12-03,V5,23560.54,45.6,1.0,0,1,88,48
2023-12-10,V5,12302.4,29.6,0.0,0,0,66,49
2023-12-17,V5,18129.59,34.9,1.0,0,0,86,50
2023-12-24,V5,21900.73,44.0,1.0,1,1,82,51
2023-12-31,V5,13206.08,30.0,0.0,0,0,61,52
2024-01-07,V5,17557.91,35.6,0.5,0,0,80,1
2024-01-14,V5,17620.44,40.8,0.0,1,0,66,2
2024-01-21,V5,25763.09,44.9,1.0,1,1,77,3
2024-01-28,V5,16080.03,39.1,0.0,1,0,87,4
2024-02-04,V5,21130.14,44.3,0.0,0,1,74,5
2024-02-11,V5,18382.49,43.3,0.5,0,0,69,6
2024-02-18,V5,19300.01,25.8,0.5,0,0,72,7
2024-02-25,V5,20370.92,39.6,0.0,0,1,65,8
2024-03-03,V5,20629.51,35.5,1.0,0,0,71,9
2024-03-10,V5,21875.33,39.1,1.0,0,1,77,10
2024-03-17,V5,23751.09,38.9,0.0,1,0,63,11
2024-03-24,V5,15731.81,32.1,0.5,0,0,69,12
2024-03-31,V5,19829.26,34.7,0.5,0,0,75,13
2024-04-07,V5,17678.74,34.5,1.0,0,0,84,14
2024-04-14,V5,18494.17,41.6,0.0,0,0,74,15
2024-04-21,V5,18989.72,35.7,1.0,0,0,88,16
2024-04-28,V5,18959.87,46.3,0.5,0,0,76,17
2024-05-05,V5,15754.52,32.2,1.0,0,0,74,18
2024-05-12,V5,19471.73,41.2,1.0,0,0,62,19
2024-05-19,V5,20130.7,49.9,0.0,0,0,84,20
2024-05-26,V5,19009.97,35.4,0.5,0,0,67,21
2024-06-02,V5,22966.54,51.0,0.5,0,0,69,22
2024-06-09,V5,20807.83,45.5,0.5,0,0,84,23
2024-06-16,V5,19585.6,42.6,0.5,0,0,78,24
2024-06-23,V5,18735.48,30.7,0.0,0,0,80,25
2024-06-30,V5,19434.54,41.9,0.5,0,0,73,26
2024-07-07,V5,21189.12,41.6,0.5,0,0,81,27
2024-07-14,V5,25159.86,52.0,0.5,0,1,81,28
2024-07-21,V5,21669.05,38.6,1.0,0,0,79,29
2024-07-28,V5,27155.55,54.5,0.5,0,1,88,30
2024-08-04,V5,20002.13,31.7,0.5,0,0,76,31
2024-08-11,V5,21725.38,54.0,0.0,0,0,75,32
2024-08-18,V5,20988.17,40.6,0.5,0,0,86,33
2024-08-25,V5,24361.53,53.5,0.5,0,0,89,34
2024-09-01,V5,19428.36,51.5,0.5,0,0,75,35
2024-09-08,V5,16721.48,34.8,0.0,0,0,78,36
2024-09-15,V5,16267.23,40.2,0.5,0,0,87,37
2024-09-22,V5,26657.55,51.6,1.0,1,0,69,38
2024-09-29,V5,24159.25,48.2,0.0,1,0,76,39
2024-10-06,V5,19129.11,36.1,0.5,0,1,84,40
2024-10-13,V5,18676.12,29.7,0.5,0,0,83,41
2024-10-20,V5,18720.56,36.3,0.5,0,0,66,42
2024-10-27,V5,19180.55,41.8,1.0,0,0,84,43
2024-11-03,V5,16053.83,34.4,0.5,0,0,75,44
2024-11-10,V5,20484.76,28.5,1.0,0,1,73,45
2024-11-17,V5,18302.97,35.6,0.0,0,1,73,46
2024-11-24,V5,16789.43,32.4,0.5,0,0,87,47
2024-12-01,V5,19459.28,39.8,0.5,0,1,77,48
2024-12-08,V5,15561.22,33.3,0.0,0,1,70,49
2024-12-15,V5,14933.23,37.1,0.5,0,0,83,50
2024-12-22,V5,17396.86,35.2,0.5,0,0,75,51
2024-12-29,V5,15707.35,33.1,1.0,0,0,74,52
